{"cameraMode":{"drawMode":0,"name":"Shaded","section":"Shading Mode"},"sceneLighting":true,"audioPlay":false,"sceneViewState":{"showFog":true,"showMaterialUpdate":true,"showSkybox":true,"showFlares":true,"showImageEffects":true,"showParticleSystems":true,"showVisualEffectGraphs":true,"m_FxEnabled":false},"in2DMode":false,"pivot":{"x":-0.7013261318206787,"y":3.6887292861938478,"z":0.4673959016799927},"rotation":{"x":0.06870077550411225,"y":0.08489540964365006,"z":0.00584385497495532,"w":-0.9940375685691834},"size":8.267014503479004,"orthographic":false}