{"cameraMode":{"drawMode":0,"name":"Shaded","section":"Shading Mode"},"sceneLighting":true,"audioPlay":false,"sceneViewState":{"showFog":true,"showMaterialUpdate":true,"showSkybox":true,"showFlares":true,"showImageEffects":true,"showParticleSystems":true,"showVisualEffectGraphs":true,"m_FxEnabled":false},"in2DMode":false,"pivot":{"x":-0.19601285457611085,"y":1.3824114799499512,"z":-7.690520763397217},"rotation":{"x":0.0028019207529723646,"y":-0.3483523726463318,"z":-0.0010750249493867159,"w":-0.9373903870582581},"size":1.633073329925537,"orthographic":false}