{"cameraMode":{"drawMode":0,"name":"Shaded","section":"Shading Mode"},"sceneLighting":false,"audioPlay":false,"sceneViewState":{"showFog":true,"showMaterialUpdate":true,"showSkybox":true,"showFlares":true,"showImageEffects":true,"showParticleSystems":true,"showVisualEffectGraphs":true,"m_FxEnabled":false},"in2DMode":false,"pivot":{"x":-6.7789998054504398,"y":6.659999847412109,"z":-2.1679999828338625},"rotation":{"x":0.008332304656505585,"y":0.9873298406600952,"z":0.14953112602233888,"w":-0.05516219884157181},"size":0.5660253763198853,"orthographic":false}