{"cameraMode":{"drawMode":0,"name":"Shaded","section":"Shading Mode"},"sceneLighting":true,"audioPlay":false,"sceneViewState":{"showFog":true,"showMaterialUpdate":true,"showSkybox":true,"showFlares":true,"showImageEffects":true,"showParticleSystems":true,"showVisualEffectGraphs":true,"m_FxEnabled":false},"in2DMode":false,"pivot":{"x":-3.2309999465942385,"y":1.0700000524520875,"z":-7.569999694824219},"rotation":{"x":-0.10799004137516022,"y":-0.21768617630004884,"z":0.02474113553762436,"w":-0.9698696732521057},"size":1.9518232345581055,"orthographic":false}